{
  "reranker_enabled": false,
  "reranker_model": null,
  "indexing": {
    "num_databases": 18,
    "mean_latency": 0.223622375064426,
    "std_latency": 0.08163744917243686
  },
  "strategies": {
    "hybrid": {
      "num_queries": 1234,
      "recall_at_1": {
        "mean": 0.6223662884927067,
        "std": 0.34721943705629893
      },
      "recall_at_3": {
        "mean": 0.8955294435440304,
        "std": 0.21952782705896076
      },
      "recall_at_5": {
        "mean": 0.9550918422474337,
        "std": 0.1409971806922562
      },
      "mrr": {
        "mean": 0.9306758251652901,
        "std": 0.19264330451624576
      },
      "precision_at_1": {
        "mean": 0.8808752025931929,
        "std": 0.3239353022589454
      },
      "precision_at_3": {
        "mean": 0.4721772015126959,
        "std": 0.19582872226198317
      },
      "precision_at_5": {
        "mean": 0.3105348460291735,
        "std": 0.1309578445590661
      },
      "latency": {
        "mean": 0.05240346218430629,
        "std": 0.2520329292664568
      }
    },
    "fuzzy": {
      "num_queries": 1234,
      "recall_at_1": {
        "mean": 0.2181253376553214,
        "std": 0.34710754203090505
      },
      "recall_at_3": {
        "mean": 0.44354403025391675,
        "std": 0.42431946838721013
      },
      "recall_at_5": {
        "mean": 0.5892085359265261,
        "std": 0.4085023071842556
      },
      "mrr": {
        "mean": 0.5072402948213321,
        "std": 0.37422315479871204
      },
      "precision_at_1": {
        "mean": 0.3338735818476499,
        "std": 0.4715951793560559
      },
      "precision_at_3": {
        "mean": 0.23500810372771475,
        "std": 0.22706896348660707
      },
      "precision_at_5": {
        "mean": 0.18865478119935172,
        "std": 0.13853004324812188
      },
      "latency": {
        "mean": 0.004958729496651376,
        "std": 0.005216116439907357
      }
    },
    "bm25": {
      "num_queries": 1234,
      "recall_at_1": {
        "mean": 0.5760399783900594,
        "std": 0.3701822084886104
      },
      "recall_at_3": {
        "mean": 0.841437061048082,
        "std": 0.2745296494161942
      },
      "recall_at_5": {
        "mean": 0.9042409508373851,
        "std": 0.22941748735833764
      },
      "mrr": {
        "mean": 0.8873224897738672,
        "std": 0.24775781784141016
      },
      "precision_at_1": {
        "mean": 0.8184764991896273,
        "std": 0.3854513191881944
      },
      "precision_at_3": {
        "mean": 0.44246353322528365,
        "std": 0.20167991520812703
      },
      "precision_at_5": {
        "mean": 0.2940032414910859,
        "std": 0.13656952441008374
      },
      "latency": {
        "mean": 0.00496060168144189,
        "std": 0.004847077538436622
      }
    },
    "semantic": {
      "num_queries": 1234,
      "recall_at_1": {
        "mean": 0.5829956780118856,
        "std": 0.37133905218748753
      },
      "recall_at_3": {
        "mean": 0.8641274986493789,
        "std": 0.25997017994189886
      },
      "recall_at_5": {
        "mean": 0.9415180983252296,
        "std": 0.16737854582741127
      },
      "mrr": {
        "mean": 0.8948698901494687,
        "std": 0.22975363376024743
      },
      "precision_at_1": {
        "mean": 0.8192868719611021,
        "std": 0.38478031835489557
      },
      "precision_at_3": {
        "mean": 0.4513776337115073,
        "std": 0.1968242192772387
      },
      "precision_at_5": {
        "mean": 0.3047001620745543,
        "std": 0.1293066507769183
      },
      "latency": {
        "mean": 0.015291420914945186,
        "std": 0.00542636470239464
      }
    }
  }
}