{
  "reranker_enabled": true,
  "reranker_model": "Alibaba-NLP/gte-reranker-modernbert-base",
  "indexing": {
    "num_databases": 18,
    "mean_latency": 0.24831834104326037,
    "std_latency": 0.052002773238006436
  },
  "strategies": {
    "bm25": {
      "num_queries": 1234,
      "recall_at_1": {
        "mean": 0.6202728254997298,
        "std": 0.35718400522803084
      },
      "recall_at_3": {
        "mean": 0.8837115072933549,
        "std": 0.23434956821274283
      },
      "recall_at_5": {
        "mean": 0.9521880064829822,
        "std": 0.14626997807754552
      },
      "mrr": {
        "mean": 0.9211237169097786,
        "std": 0.20336830831972863
      },
      "precision_at_1": {
        "mean": 0.8630470016207455,
        "std": 0.3437977233987834
      },
      "precision_at_3": {
        "mean": 0.46218260399783895,
        "std": 0.19228236992927794
      },
      "precision_at_5": {
        "mean": 0.30858995137763373,
        "std": 0.12759128208342815
      },
      "latency": {
        "mean": 0.290498222292339,
        "std": 0.48510187349796086
      }
    },
    "fuzzy": {
      "num_queries": 1234,
      "recall_at_1": {
        "mean": 0.6170313344138303,
        "std": 0.35995165240203714
      },
      "recall_at_3": {
        "mean": 0.877363587250135,
        "std": 0.24152186571502393
      },
      "recall_at_5": {
        "mean": 0.9439492166396541,
        "std": 0.1611341006537649
      },
      "mrr": {
        "mean": 0.9168287412209617,
        "std": 0.21028603149720124
      },
      "precision_at_1": {
        "mean": 0.8573743922204214,
        "std": 0.3496906401164956
      },
      "precision_at_3": {
        "mean": 0.45786061588330634,
        "std": 0.19325441491643036
      },
      "precision_at_5": {
        "mean": 0.3051863857374392,
        "std": 0.12828126743520082
      },
      "latency": {
        "mean": 0.1770697331699019,
        "std": 0.09717613383314559
      }
    },
    "semantic": {
      "num_queries": 1234,
      "recall_at_1": {
        "mean": 0.619462452728255,
        "std": 0.35745585536199553
      },
      "recall_at_3": {
        "mean": 0.8837115072933549,
        "std": 0.23434956821274283
      },
      "recall_at_5": {
        "mean": 0.9519178822258237,
        "std": 0.14710243851950774
      },
      "mrr": {
        "mean": 0.9205834683954619,
        "std": 0.2040424393283746
      },
      "precision_at_1": {
        "mean": 0.8622366288492707,
        "std": 0.3446514539646043
      },
      "precision_at_3": {
        "mean": 0.46218260399783895,
        "std": 0.19228236992927794
      },
      "precision_at_5": {
        "mean": 0.3084278768233388,
        "std": 0.12760209018904697
      },
      "latency": {
        "mean": 0.24778094206675524,
        "std": 0.32250244320032123
      }
    },
    "hybrid": {
      "num_queries": 1234,
      "recall_at_1": {
        "mean": 0.619462452728255,
        "std": 0.35745585536199553
      },
      "recall_at_3": {
        "mean": 0.8837115072933549,
        "std": 0.23434956821274283
      },
      "recall_at_5": {
        "mean": 0.9519178822258237,
        "std": 0.14710243851950774
      },
      "mrr": {
        "mean": 0.9205834683954619,
        "std": 0.2040424393283746
      },
      "precision_at_1": {
        "mean": 0.8622366288492707,
        "std": 0.3446514539646043
      },
      "precision_at_3": {
        "mean": 0.46218260399783895,
        "std": 0.19228236992927794
      },
      "precision_at_5": {
        "mean": 0.3084278768233388,
        "std": 0.12760209018904697
      },
      "latency": {
        "mean": 0.1943892084025873,
        "std": 0.11799487338273335
      }
    }
  }
}